[
  {
    "username": "kain444_10k",
    "name": "freefire creator😈"
  },
  {
    "username": "ayan.0879",
    "name": "ayan ( آیان )"
  },
  {
    "username": "carlosehenrique",
    "name": "CARLOS & HENRIQUE"
  },
  {
    "username": "_____ankit______580",
    "name": "⚠️⇝Λⲡʞ𝔦𝘵⇝⚠️《चौ卄卂れ》"
  },
  {
    "username": "motivacaonacorrida",
    "name": "Motivaçao na corrida"
  },
  {
    "username": "cute_4u_anim",
    "name": "💕cute__anime__💕"
  },
  {
    "username": "geeks_for_geeks",
    "name": "GeeksforGeeks"
  },
  {
    "username": "tonigarrn",
    "name": "TONI GARRN"
  },
  {
    "username": "vkgaming9191",
    "name": "☆Animation☞Đęv☜"
  },
  {
    "username": "tcourtois1._",
    "name": "𝙏𝙝𝙞𝙗𝙖𝙪𝙩 𝘾𝙤𝙪𝙧𝙩𝙤𝙞𝙨 | 𝙁𝙖𝙣𝙥𝙖𝙜𝙚 🇧🇪"
  },
  {
    "username": "realmadrid_america",
    "name": "realmadrid_america"
  },
  {
    "username": "gamer_clash_yt_",
    "name": "IT'S Gamer Clash 🍂"
  },
  {
    "username": "roberto_cavalli",
    "name": "Roberto Cavalli"
  },
  {
    "username": "cute___anime_",
    "name": "💕Radha 💕"
  },
  {
    "username": "madridnnews",
    "name": "Madridnnews⚪🌍"
  },
  {
    "username": "coding.ninjas",
    "name": "Coding Ninjas"
  },
  {
    "username": "rd1oficial",
    "name": "RD1"
  },
  {
    "username": "chancetherapper",
    "name": "Chance The Rapper"
  },
  {
    "username": "_rider_1290__",
    "name": "Rider_1290"
  },
  {
    "username": "sureshraina3",
    "name": "Suresh Raina"
  },
  {
    "username": "katherinelangford",
    "name": "KATHERINE LANGFORD"
  },
  {
    "username": "onefootball",
    "name": "OneFootball"
  },
  {
    "username": "demirose",
    "name": "Demi 🌹"
  },
  {
    "username": "lelepons",
    "name": "Lele Pons"
  },
  {
    "username": "larissamanoela",
    "name": "Larissa Manoela"
  },
  {
    "username": "instagram",
    "name": "Instagram"
  }
]