[
  {
    "username": "king.karanc",
    "name": "😈Mahakal👿"
  },
  {
    "username": "dfiamure",
    "name": "Laha Dfiamure"
  },
  {
    "username": "sanojk21938",
    "name": "Sanoj Kumar"
  },
  {
    "username": "igx__abee__xx",
    "name": "亗ᴅᴀʀᴋメsoᴜʟ亗"
  },
  {
    "username": "old____free____fire",
    "name": "old free fire"
  },
  {
    "username": "ganeshnayak9487",
    "name": "Ganesh Nayak"
  },
  {
    "username": "arun.kashpya",
    "name": "Arun.kashpya"
  },
  {
    "username": "80.2591599",
    "name": "Pranjal Nayak"
  },
  {
    "username": "anni_cr45",
    "name": "•Ann"
  },
  {
    "username": "nawab_army_here_",
    "name": "Nawab Army"
  },
  {
    "username": "cj_gg_",
    "name": "Chirag Jain Jain"
  },
  {
    "username": "call_me_pintu____9",
    "name": "Mr pintu"
  },
  {
    "username": "latinodesi_04",
    "name": "Diego Villegas"
  },
  {
    "username": "sanjaysagarsanjaygagar",
    "name": "Sanjay Sagar Sanjay Sagar"
  },
  {
    "username": "s_h_a_h_z_a_da_",
    "name": "Ahei Hilkq"
  },
  {
    "username": "laka.gamer10",
    "name": "हरी सोनी"
  },
  {
    "username": "crz__abhi",
    "name": "Crz__Abhi"
  },
  {
    "username": "rajanayak6776",
    "name": "Raja Nayak"
  },
  {
    "username": "punamk70687",
    "name": "Nalla Rai"
  },
  {
    "username": "aa.desh7542",
    "name": "Adesh Adesh Kumar"
  },
  {
    "username": "sunil.cunara.50",
    "name": "Sunil Cunara"
  },
  {
    "username": "vasquezhenry9",
    "name": "vasquez henry"
  },
  {
    "username": "nare_sh0908",
    "name": "Naresh0908"
  },
  {
    "username": "queen_neha_patel_00",
    "name": "Patel Neha"
  },
  {
    "username": "mariorivaszte",
    "name": "Mario Rivas"
  }
]